{"code":200,"status":"OK","data":{"FunctionName":"Poke","Revision":42,"FunctionResult":{"Girl":{"RP":9602,"Scene":3,"Stats":[0.1170833333333333,0.49416666666666664,0.23999999999999996,1.194166666666667],"NumBoosts":[8,8,8,0],"Clothes":["CP07","CB07","CT10","CS06"],"Sets":[],"LastMod":1559115603,"Watch":0,"Req":{"UF03":0,"UF05":1,"UF10":0,"UE02":0}},"Achi":335},"Logs":[],"ExecutionTimeSeconds":0.086219099999999993,"ProcessorTimeSeconds":0.0,"MemoryConsumedBytes":376968,"APIRequestsIssued":3,"HttpRequestsIssued":0}}
